Gene	Start	End	Domain
ATP6	1	11	MA
ATP6	12	30	TM
ATP6	31	56	IM
ATP6	57	76	TM
ATP6	77	87	MA
ATP6	88	108	TM
ATP6	109	113	IM
ATP6	114	134	TM
ATP6	135	145	MA
ATP6	146	168	TM
ATP6	169	187	IM
ATP6	188	209	TM
ATP6	210	214	MA
ATP8	1	8	MA
ATP8	9	31	TM
ATP8	32	55	IM
COB	1	20	MA
COB	21	41	TM
COB	42	64	IM
COB	65	85	TM
COB	86	101	MA
COB	102	122	TM
COB	123	127	IM
COB	128	145	TM
COB	146	167	MA
COB	168	188	TM
COB	189	216	IM
COB	217	238	TM
COB	239	274	MA
COB	275	295	TM
COB	296	307	IM
COB	308	328	TM
COB	329	335	MA
COB	336	353	TM
COB	354	367	IM
COX1	1	14	MA
COX1	15	34	TM
COX1	35	53	IM
COX1	54	73	TM
COX1	74	96	MA
COX1	97	114	TM
COX1	115	140	IM
COX1	141	158	TM
COX1	159	183	MA
COX1	184	203	TM
COX1	204	230	IM
COX1	231	250	TM
COX1	251	266	MA
COX1	267	284	TM
COX1	285	302	IM
COX1	303	320	TM
COX1	321	333	MA
COX1	334	353	TM
COX1	354	369	IM
COX1	370	387	TM
COX1	388	403	MA
COX1	404	421	TM
COX1	422	449	IM
COX1	450	467	TM
COX1	468	509	MA
COX2	1	26	MA
COX2	27	47	TM
COX2	48	62	IM
COX2	63	83	TM
COX2	84	224	MA
COX3	1	14	MA
COX3	15	32	TM
COX3	33	37	IM
COX3	38	53	TM
COX3	54	81	MA
COX3	82	97	TM
COX3	98	127	IM
COX3	128	143	TM
COX3	144	159	MA
COX3	160	177	TM
COX3	178	196	IM
COX3	197	214	TM
COX3	215	235	MA
COX3	236	253	TM
COX3	254	259	IM
ND1	1	1	MA
ND1	2	23	TM
ND1	24	68	IM
ND1	69	89	TM
ND1	90	99	MA
ND1	100	121	TM
ND1	122	138	IM
ND1	139	159	TM
ND1	160	166	MA
ND1	167	187	TM
ND1	188	218	IM
ND1	219	239	TM
ND1	240	241	MA
ND1	242	262	TM
ND1	263	276	IM
ND1	277	298	TM
ND1	299	299	MA
ND2	1	12	MA
ND2	13	42	TM
ND2	43	56	IM
ND2	57	74	TM
ND2	75	86	MA
ND2	87	105	TM
ND2	106	145	IM
ND2	146	162	TM
ND2	163	172	MA
ND2	173	188	TM
ND2	189	191	IM
ND2	192	210	TM
ND2	211	220	MA
ND2	221	239	TM
ND2	240	251	IM
ND2	252	273	TM
ND2	274	287	MA
ND2	288	304	TM
ND2	305	307	IM
ND3	1	1	MA
ND3	2	22	TM
ND3	23	55	IM
ND3	56	76	TM
ND3	77	85	MA
ND3	86	106	TM
ND3	107	117	IM
ND4	1	6	MA
ND4	7	28	TM
ND4	29	100	IM
ND4	101	122	TM
ND4	123	132	MA
ND4	133	152	TM
ND4	153	173	IM
ND4	174	193	TM
ND4	194	205	MA
ND4	206	226	TM
ND4	227	237	IM
ND4	238	259	TM
ND4	260	266	MA
ND4	267	287	TM
ND4	288	294	IM
ND4	295	315	TM
ND4	316	331	MA
ND4	332	351	TM
ND4	352	372	IM
ND4	373	394	TM
ND4	395	437	MA
ND5	1	1	MA
ND5	2	17	TM
ND5	18	46	IM
ND5	47	66	TM
ND5	67	78	MA
ND5	79	98	TM
ND5	99	100	IM
ND5	101	120	TM
ND5	121	132	MA
ND5	133	152	TM
ND5	153	162	IM
ND5	163	178	TM
ND5	179	197	MA
ND5	198	217	TM
ND5	218	229	IM
ND5	230	249	TM
ND5	250	261	MA
ND5	262	281	TM
ND5	282	284	IM
ND5	285	304	TM
ND5	305	323	MA
ND5	324	343	TM
ND5	344	361	IM
ND5	362	380	TM
ND5	381	406	MA
ND5	407	425	TM
ND5	426	440	IM
ND5	441	460	TM
ND5	461	522	MA
ND5	521	542	TM
ND5	543	545	IM
ND6	1	20	MA
ND6	21	42	TM
ND6	43	49	IM
ND6	50	71	TM
ND6	72	84	MA
ND6	85	107	TM
ND6	108	120	IM
ND6	121	142	TM
ND6	143	155	MA
NDL	1	1	MA
NDL	2	19	TM
NDL	20	24	IM
NDL	25	47	TM
NDL	48	52	MA
NDL	53	79	TM
NDL	80	99	IM
